<?xml version="1.0" encoding="UTF-8"?>
<project-private xmlns="http://www.netbeans.org/ns/project-private/1">
    <editor-bookmarks xmlns="http://www.netbeans.org/ns/editor-bookmarks/2" lastBookmarkId="0"/>
    <open-files xmlns="http://www.netbeans.org/ns/projectui-open-files/2">
        <group>
            <file>file:/C:/Users/LR%2045/Desktop/LoginWebService/NB_ClientWSLogin/build/generated-sources/jax-ws/org/Romano/loginws/ObjectFactory.java</file>
            <file>file:/C:/Users/LR%2045/Desktop/LoginWebService/NB_ClientWSLogin/build/generated-sources/jax-ws/org/Romano/loginws/LoginWebService.java</file>
            <file>file:/C:/Users/LR%2045/Desktop/LoginWebService/NB_ClientWSLogin/src/META-INF/jax-ws-catalog.xml</file>
            <file>file:/C:/Users/LR%2045/Desktop/LoginWebService/NB_ClientWSLogin/build/generated-sources/jax-ws/org/Romano/loginws/RispostaLogin.java</file>
            <file>file:/C:/Users/LR%2045/Desktop/LoginWebService/NB_ClientWSLogin/build/generated-sources/jax-ws/org/Romano/loginws/LoginWS.java</file>
            <file>file:/C:/Users/LR%2045/Desktop/LoginWebService/NB_ClientWSLogin/build/generated-sources/jax-ws/org/Romano/loginws/package-info.java</file>
            <file>file:/C:/Users/LR%2045/Desktop/LoginWebService/NB_ClientWSLogin/src/nb_clientwslogin/NB_ClientWSLogin.java</file>
            <file>file:/C:/Users/LR%2045/Desktop/LoginWebService/NB_ClientWSLogin/build/generated-sources/jax-ws/org/Romano/loginws/Login.java</file>
        </group>
    </open-files>
</project-private>
